{
  "name": "swstaticfileuk_al06686_shetland.raw_finex_scottish_widows_temp",
  "description": "",
  "displayName": "swstaticfileuk_al06686_shetland.raw_finex_scottish_widows_temp",
  "linked_resource": "",
  "schema": {"columns": [{"column": "fundnamelong", "description": "null", "mode": "NULLABLE", "type": "STRING"},
    {"column": "fundnameshort", "description": "null", "mode": "NULLABLE", "type": "STRING"},
    {"column": "isin", "description": "null", "mode": "NULLABLE", "type": "STRING"},
    {"column": "sedol", "description": "null", "mode": "NULLABLE", "type": "STRING"},
    {"column": "mex", "description": "null", "mode": "NULLABLE", "type": "STRING"},
    {"column": "citicode", "description": "null", "mode": "NULLABLE", "type": "STRING"},
    {"column": "riskrating", "description": "null", "mode": "NULLABLE", "type": "STRING"},
    {"column": "cumulative1m_me", "description": "null", "mode": "NULLABLE", "type": "STRING"},
    {"column": "cumulative3m_me", "description": "null", "mode": "NULLABLE", "type": "STRING"},
    {"column": "cumulative1y_me", "description": "null", "mode": "NULLABLE", "type": "STRING"},
    {"column": "cumulative3y_me", "description": "null", "mode": "NULLABLE", "type": "STRING"},
    {"column": "cumulative5y_me", "description": "null", "mode": "NULLABLE", "type": "STRING"},
    {"column": "cumulativeperfasat_me", "description": "null", "mode": "NULLABLE", "type": "INTEGER"},
    {"column": "cumulativeytd_me", "description": "null", "mode": "NULLABLE", "type": "STRING"},
    {"column": "discreteperfasat_de", "description": "null", "mode": "NULLABLE", "type": "INTEGER"},
    {"column": "discrete0to12m_de", "description": "null", "mode": "NULLABLE", "type": "STRING"},
    {"column": "discrete12mto24m_de", "description": "null", "mode": "NULLABLE", "type": "STRING"},
    {"column": "discrete24mto36m_de", "description": "null", "mode": "NULLABLE", "type": "STRING"},
    {"column": "discrete36mto48m_de", "description": "null", "mode": "NULLABLE", "type": "STRING"},
    {"column": "discrete48mto60m_de", "description": "null", "mode": "NULLABLE", "type": "STRING"},
    {"column": "edh_ingest_map", "description": "null", "mode": "NULLABLE", "type": "STRING"},
    {"column": "edh_ingest_delete_flag", "description": "null", "mode": "NULLABLE", "type": "BOOLEAN"},
    {"column": "edh_source_extract_ts", "description": "null", "mode": "NULLABLE", "type": "TIMESTAMP"},
    {"column": "edh_brand_id", "description": "null", "mode": "NULLABLE", "type": "STRING"},
    {"column": "edh_ingest_ts", "description": "null", "mode": "NULLABLE", "type": "TIMESTAMP"}
  ]}
}