{
  "name": "swstaticfileuk_al06686_shetland.raw_finex_scottish_widows",
  "description": "",
  "displayName": "swstaticfileuk_al06686_shetland.raw_finex_scottish_widows",
  "linked_resource": "",
  "schema": {"columns": [
    {"column": "edh_ingest_map", "description": "null", "mode": "NULLABLE", "type": "STRING"},
    {"column": "edh_ingest_delete_flag", "description": "null", "mode": "NULLABLE", "type": "BOOLEAN"},
    {"column": "edh_source_extract_ts", "description": "null", "mode": "NULLABLE", "type": "TIMESTAMP"},
    {"column": "edh_brand_id", "description": "null", "mode": "NULLABLE", "type": "CHAR"},
    {"column": "edh_ingest_ts", "description": "null", "mode": "NULLABLE", "type": "TIMESTAMP"},
    {"column": "FundNameLong", "description": "null", "mode": "NULLABLE", "type": "STRING"},
    {"column": "FundNameShort", "description": "null", "mode": "NULLABLE", "type": "STRING"},
    {"column": "ISIN", "description": "null", "mode": "NULLABLE", "type": "STRING"},
    {"column": "Sedol", "description": "null", "mode": "NULLABLE", "type": "STRING"},
    {"column": "Mex", "description": "null", "mode": "NULLABLE", "type": "STRING"},
    {"column": "Citicode", "description": "null", "mode": "NULLABLE", "type": "STRING"},
    {"column": "RiskRating", "description": "null", "mode": "NULLABLE", "type": "STRING"},
    {"column": "Cumulative1m_ME", "description": "null", "mode": "NULLABLE", "type": "STRING"},
    {"column": "Cumulative3m_ME", "description": "null", "mode": "NULLABLE", "type": "STRING"},
    {"column": "Cumulative1y_ME", "description": "null", "mode": "NULLABLE", "type": "STRING"},
    {"column": "Cumulative3y_ME", "description": "null", "mode": "NULLABLE", "type": "STRING"},
    {"column": "Cumulative5y_ME", "description": "null", "mode": "NULLABLE", "type": "STRING"},
    {"column": "CumulativePerfAsAt_ME", "description": "null", "mode": "NULLABLE", "type": "BIGINT"},
    {"column": "CumulativeYTD_ME", "description": "null", "mode": "NULLABLE", "type": "STRING"},
    {"column": "DiscretePerfAsAt_DE", "description": "null", "mode": "NULLABLE", "type": "BIGINT"},
    {"column": "Discrete0To12m_DE", "description": "null", "mode": "NULLABLE", "type": "STRING"},
    {"column": "Discrete12mTo24m_DE", "description": "null", "mode": "NULLABLE", "type": "STRING"},
    {"column": "Discrete24mTo36m_DE", "description": "null", "mode": "NULLABLE", "type": "STRING"},
    {"column": "Discrete36mTo48m_DE", "description": "null", "mode": "NULLABLE", "type": "STRING"},
    {"column": "Discrete48mTo60m_DE", "description": "null", "mode": "NULLABLE", "type": "STRING"}
  ]}
}